"DayOfYear","DayOfYearOffset","Date","DayOfWeek","Week","Month","Running","RunShoe","RunRoute","RunningBucket","Music","GuitarPlayed","MusicBucket","Reading","BookRead","ReadingBucket","Finances","SpentOn","FinancesBucket","Mental","HeadacheReason","MentalBucket","Eating","AteWhere","EatingBucket","Episodes","Show","EpisodesBucket","Learning","Subject","LearningBucket"
1,2,2018-01-01,2,0,1,0,NA,NA,6,0,NA,6,0,NA,6,0,NA,6,0,NA,6,0,NA,6,0,NA,6,0,"",6
2,3,2018-01-02,3,0,1,0,NA,NA,6,0,NA,6,0,NA,6,0,NA,6,0,NA,6,0,NA,6,0,NA,6,0,"",6
3,4,2018-01-03,4,0,1,0,NA,NA,6,0,NA,6,0,NA,6,0,NA,6,0,NA,6,0,NA,6,0,NA,6,0,"",6
4,5,2018-01-04,5,0,1,0,NA,NA,6,0,NA,6,0,NA,6,0,NA,6,0,NA,6,0,NA,6,0,NA,6,0,"",6
5,6,2018-01-05,6,0,1,0,NA,NA,6,0,NA,6,0,NA,6,0,NA,6,0,NA,6,0,NA,6,0,NA,6,0,"",6
6,7,2018-01-06,7,0,1,0,NA,NA,6,0,NA,6,0,NA,6,0,NA,6,0,NA,6,0,NA,6,0,NA,6,0,"",6
7,8,2018-01-07,1,1,1,0,NA,NA,6,0,NA,6,0,NA,6,0,NA,6,0,NA,6,0,NA,6,0,NA,6,0,"",6
8,9,2018-01-08,2,1,1,0,NA,NA,6,0,NA,6,0,NA,6,0,NA,6,0,NA,6,0,NA,6,0,NA,6,0,"",6
9,10,2018-01-09,3,1,1,0,NA,NA,6,0,NA,6,0,NA,6,0,NA,6,0,NA,6,0,NA,6,0,NA,6,0,"",6
10,11,2018-01-10,4,1,1,0,NA,NA,6,0,NA,6,0,NA,6,0,NA,6,0,NA,6,0,NA,6,0,NA,6,0,"",6
11,12,2018-01-11,5,1,1,0,NA,NA,6,0,NA,6,0,NA,6,0,NA,6,0,NA,6,0,NA,6,0,NA,6,0,"",6
12,13,2018-01-12,6,1,1,0,NA,NA,6,0,NA,6,0,NA,6,0,NA,6,0,NA,6,0,NA,6,0,NA,6,0,"",6
13,14,2018-01-13,7,1,1,0,NA,NA,6,0,NA,6,0,NA,6,0,NA,6,0,NA,6,0,NA,6,0,NA,6,0,"",6
14,15,2018-01-14,1,2,1,0,NA,NA,6,0,NA,6,0,NA,6,0,NA,6,0,NA,6,0,NA,6,0,NA,6,0,"",6
15,16,2018-01-15,2,2,1,0,NA,NA,6,0,NA,6,0,NA,6,0,NA,6,0,NA,6,0,NA,6,0,NA,6,0,"",6
16,17,2018-01-16,3,2,1,0,NA,NA,6,0,NA,6,0,NA,6,0,NA,6,0,NA,6,0,NA,6,0,NA,6,0,"",6
17,18,2018-01-17,4,2,1,0,NA,NA,6,0,NA,6,0,NA,6,0,NA,6,0,NA,6,0,NA,6,0,NA,6,0,"",6
18,19,2018-01-18,5,2,1,0,NA,NA,6,0,NA,6,0,NA,6,0,NA,6,0,NA,6,0,NA,6,0,NA,6,0,"",6
19,20,2018-01-19,6,2,1,0,NA,NA,6,0,NA,6,0,NA,6,0,NA,6,0,NA,6,0,NA,6,0,NA,6,0,"",6
20,21,2018-01-20,7,2,1,0,NA,NA,6,0,NA,6,0,NA,6,0,NA,6,0,NA,6,0,NA,6,0,NA,6,0,"",6
21,22,2018-01-21,1,3,1,0,NA,NA,6,0,NA,6,0,NA,6,0,NA,6,0,NA,6,0,NA,6,0,NA,6,0,"",6
22,23,2018-01-22,2,3,1,0,NA,NA,6,0,NA,6,0,NA,6,0,NA,6,0,NA,6,0,NA,6,0,NA,6,0,"",6
23,24,2018-01-23,3,3,1,0,NA,NA,6,0,NA,6,0,NA,6,0,NA,6,0,NA,6,0,NA,6,0,NA,6,0,"",6
24,25,2018-01-24,4,3,1,0,NA,NA,6,0,NA,6,0,NA,6,0,NA,6,0,NA,6,0,NA,6,0,NA,6,0,"",6
25,26,2018-01-25,5,3,1,0,NA,NA,6,0,NA,6,0,NA,6,0,NA,6,0,NA,6,0,NA,6,0,NA,6,0,"",6
26,27,2018-01-26,6,3,1,0,NA,NA,6,0,NA,6,0,NA,6,0,NA,6,0,NA,6,0,NA,6,0,NA,6,0,"",6
27,28,2018-01-27,7,3,1,0,NA,NA,6,0,NA,6,0,NA,6,0,NA,6,0,NA,6,0,NA,6,0,NA,6,0,"",6
28,29,2018-01-28,1,4,1,0,NA,NA,6,0,NA,6,0,NA,6,0,NA,6,0,NA,6,0,NA,6,0,NA,6,0,"",6
29,30,2018-01-29,2,4,1,0,NA,NA,6,0,NA,6,0,NA,6,0,NA,6,0,NA,6,0,NA,6,0,NA,6,0,"",6
30,31,2018-01-30,3,4,1,0,NA,NA,6,0,NA,6,0,NA,6,0,NA,6,0,NA,6,0,NA,6,0,NA,6,0,"",6
31,32,2018-01-31,4,4,1,0,NA,NA,6,0,NA,6,0,NA,6,0,NA,6,0,NA,6,0,NA,6,0,NA,6,0,"",6
32,33,2018-02-01,5,4,2,0,NA,NA,6,0,NA,6,0,NA,6,0,NA,6,0,NA,6,0,NA,6,0,NA,6,0,"",6
33,34,2018-02-02,6,4,2,0,NA,NA,6,0,NA,6,0,NA,6,0,NA,6,0,NA,6,0,NA,6,0,NA,6,0,"",6
34,35,2018-02-03,7,4,2,0,NA,NA,6,0,NA,6,0,NA,6,0,NA,6,0,NA,6,0,NA,6,0,NA,6,0,"",6
35,36,2018-02-04,1,5,2,0,NA,NA,6,0,NA,6,0,NA,6,0,NA,6,0,NA,6,0,NA,6,0,NA,6,0,"",6
36,37,2018-02-05,2,5,2,0,NA,NA,6,0,NA,6,0,NA,6,0,NA,6,0,NA,6,0,NA,6,0,NA,6,0,"",6
37,38,2018-02-06,3,5,2,0,NA,NA,6,0,NA,6,0,NA,6,0,NA,6,0,NA,6,0,NA,6,0,NA,6,0,"",6
38,39,2018-02-07,4,5,2,0,NA,NA,6,0,NA,6,0,NA,6,0,NA,6,0,NA,6,0,NA,6,0,NA,6,0,"",6
39,40,2018-02-08,5,5,2,0,NA,NA,6,0,NA,6,0,NA,6,0,NA,6,0,NA,6,0,NA,6,0,NA,6,0,"",6
40,41,2018-02-09,6,5,2,0,NA,NA,6,0,NA,6,0,NA,6,0,NA,6,0,NA,6,0,NA,6,0,NA,6,0,"",6
41,42,2018-02-10,7,5,2,0,NA,NA,6,0,NA,6,0,NA,6,0,NA,6,0,NA,6,0,NA,6,0,NA,6,0,"",6
42,43,2018-02-11,1,6,2,0,NA,NA,6,0,NA,6,0,NA,6,0,NA,6,0,NA,6,0,NA,6,0,NA,6,0,"",6
43,44,2018-02-12,2,6,2,0,NA,NA,6,0,NA,6,0,NA,6,0,NA,6,0,NA,6,0,NA,6,0,NA,6,0,"",6
44,45,2018-02-13,3,6,2,0,NA,NA,6,0,NA,6,0,NA,6,0,NA,6,0,NA,6,0,NA,6,0,NA,6,0,"",6
45,46,2018-02-14,4,6,2,0,NA,NA,6,0,NA,6,0,NA,6,0,NA,6,0,NA,6,0,NA,6,0,NA,6,0,"",6
46,47,2018-02-15,5,6,2,0,NA,NA,6,0,NA,6,0,NA,6,0,NA,6,0,NA,6,0,NA,6,0,NA,6,0,"",6
47,48,2018-02-16,6,6,2,0,NA,NA,6,0,NA,6,0,NA,6,0,NA,6,0,NA,6,0,NA,6,0,NA,6,0,"",6
48,49,2018-02-17,7,6,2,0,NA,NA,6,0,NA,6,0,NA,6,0,NA,6,0,NA,6,0,NA,6,0,NA,6,0,"",6
49,50,2018-02-18,1,7,2,0,NA,NA,6,0,NA,6,0,NA,6,0,NA,6,0,NA,6,0,NA,6,0,NA,6,0,"",6
50,51,2018-02-19,2,7,2,0,NA,NA,6,0,NA,6,0,NA,6,0,NA,6,0,NA,6,0,NA,6,0,NA,6,0,"",6
51,52,2018-02-20,3,7,2,0,NA,NA,6,0,NA,6,0,NA,6,0,NA,6,0,NA,6,0,NA,6,0,NA,6,0,"",6
52,53,2018-02-21,4,7,2,0,NA,NA,6,0,NA,6,0,NA,6,0,NA,6,0,NA,6,0,NA,6,0,NA,6,0,"",6
53,54,2018-02-22,5,7,2,0,NA,NA,6,0,NA,6,0,NA,6,0,NA,6,0,NA,6,0,NA,6,0,NA,6,0,"",6
54,55,2018-02-23,6,7,2,0,NA,NA,6,0,NA,6,0,NA,6,0,NA,6,0,NA,6,0,NA,6,0,NA,6,0,"",6
55,56,2018-02-24,7,7,2,0,NA,NA,6,0,NA,6,0,NA,6,0,NA,6,0,NA,6,0,NA,6,0,NA,6,0,"",6
56,57,2018-02-25,1,8,2,0,NA,NA,6,0,NA,6,0,NA,6,0,NA,6,0,NA,6,0,NA,6,0,NA,6,0,"",6
57,58,2018-02-26,2,8,2,0,NA,NA,6,0,NA,6,0,NA,6,0,NA,6,0,NA,6,0,NA,6,0,NA,6,0,"",6
58,59,2018-02-27,3,8,2,0,NA,NA,6,0,NA,6,0,NA,6,0,NA,6,0,NA,6,0,NA,6,0,NA,6,0,"",6
59,60,2018-02-28,4,8,2,0,NA,NA,6,0,NA,6,0,NA,6,0,NA,6,0,NA,6,0,NA,6,0,NA,6,0,"",6
60,61,2018-03-01,5,8,3,0,NA,NA,6,0,NA,6,0,NA,6,0,NA,6,0,NA,6,0,NA,6,0,NA,6,0,"",6
61,62,2018-03-02,6,8,3,0,NA,NA,6,0,NA,6,0,NA,6,0,NA,6,0,NA,6,0,NA,6,0,NA,6,0,"",6
62,63,2018-03-03,7,8,3,0,NA,NA,6,0,NA,6,0,NA,6,0,NA,6,0,NA,6,0,NA,6,0,NA,6,0,"",6
63,64,2018-03-04,1,9,3,0,NA,NA,6,0,NA,6,0,NA,6,0,NA,6,0,NA,6,0,NA,6,0,NA,6,0,"",6
64,65,2018-03-05,2,9,3,0,NA,NA,6,0,NA,6,0,NA,6,0,NA,6,0,NA,6,0,NA,6,0,NA,6,0,"",6
65,66,2018-03-06,3,9,3,0,NA,NA,6,0,NA,6,0,NA,6,0,NA,6,0,NA,6,0,NA,6,0,NA,6,0,"",6
66,67,2018-03-07,4,9,3,0,NA,NA,6,0,NA,6,0,NA,6,0,NA,6,0,NA,6,0,NA,6,0,NA,6,0,"",6
67,68,2018-03-08,5,9,3,0,NA,NA,6,0,NA,6,0,NA,6,0,NA,6,0,NA,6,0,NA,6,0,NA,6,0,"",6
68,69,2018-03-09,6,9,3,0,NA,NA,6,0,NA,6,0,NA,6,0,NA,6,0,NA,6,0,NA,6,0,NA,6,0,"",6
69,70,2018-03-10,7,9,3,0,NA,NA,6,0,NA,6,0,NA,6,0,NA,6,0,NA,6,0,NA,6,0,NA,6,0,"",6
70,71,2018-03-11,1,10,3,0,NA,NA,6,0,NA,6,0,NA,6,0,NA,6,0,NA,6,0,NA,6,0,NA,6,0,"",6
71,72,2018-03-12,2,10,3,0,NA,NA,6,0,NA,6,0,NA,6,0,NA,6,0,NA,6,0,NA,6,0,NA,6,0,"",6
72,73,2018-03-13,3,10,3,0,NA,NA,6,0,NA,6,0,NA,6,0,NA,6,0,NA,6,0,NA,6,0,NA,6,0,"",6
73,74,2018-03-14,4,10,3,0,NA,NA,6,0,NA,6,0,NA,6,0,NA,6,0,NA,6,0,NA,6,0,NA,6,0,"",6
74,75,2018-03-15,5,10,3,0,NA,NA,6,0,NA,6,0,NA,6,0,NA,6,0,NA,6,0,NA,6,0,NA,6,0,"",6
75,76,2018-03-16,6,10,3,0,NA,NA,6,0,NA,6,0,NA,6,0,NA,6,0,NA,6,0,NA,6,0,NA,6,0,"",6
76,77,2018-03-17,7,10,3,0,NA,NA,6,0,NA,6,0,NA,6,0,NA,6,0,NA,6,0,NA,6,0,NA,6,0,"",6
77,78,2018-03-18,1,11,3,0,NA,NA,6,0,NA,6,0,NA,6,0,NA,6,0,NA,6,0,NA,6,0,NA,6,0,"",6
78,79,2018-03-19,2,11,3,0,NA,NA,6,0,NA,6,0,NA,6,0,NA,6,0,NA,6,0,NA,6,0,NA,6,0,"",6
79,80,2018-03-20,3,11,3,0,NA,NA,6,0,NA,6,0,NA,6,0,NA,6,0,NA,6,0,NA,6,0,NA,6,0,"",6
80,81,2018-03-21,4,11,3,0,NA,NA,6,0,NA,6,0,NA,6,0,NA,6,0,NA,6,0,NA,6,0,NA,6,0,"",6
81,82,2018-03-22,5,11,3,0,NA,NA,6,0,NA,6,0,NA,6,0,NA,6,0,NA,6,0,NA,6,0,NA,6,0,"",6
82,83,2018-03-23,6,11,3,0,NA,NA,6,0,NA,6,0,NA,6,0,NA,6,0,NA,6,0,NA,6,0,NA,6,0,"",6
83,84,2018-03-24,7,11,3,0,NA,NA,6,0,NA,6,0,NA,6,0,NA,6,0,NA,6,0,NA,6,0,NA,6,0,"",6
84,85,2018-03-25,1,12,3,0,NA,NA,6,0,NA,6,0,NA,6,0,NA,6,0,NA,6,0,NA,6,0,NA,6,0,"",6
85,86,2018-03-26,2,12,3,0,NA,NA,6,0,NA,6,0,NA,6,0,NA,6,0,NA,6,0,NA,6,0,NA,6,0,"",6
86,87,2018-03-27,3,12,3,0,NA,NA,6,0,NA,6,0,NA,6,0,NA,6,0,NA,6,0,NA,6,0,NA,6,0,"",6
87,88,2018-03-28,4,12,3,0,NA,NA,6,0,NA,6,0,NA,6,0,NA,6,0,NA,6,0,NA,6,0,NA,6,0,"",6
88,89,2018-03-29,5,12,3,0,NA,NA,6,0,NA,6,0,NA,6,0,NA,6,0,NA,6,0,NA,6,0,NA,6,0,"",6
89,90,2018-03-30,6,12,3,0,NA,NA,6,0,NA,6,0,NA,6,0,NA,6,0,NA,6,0,NA,6,0,NA,6,0,"",6
90,91,2018-03-31,7,12,3,0,NA,NA,6,0,NA,6,0,NA,6,0,NA,6,0,NA,6,0,NA,6,0,NA,6,0,"",6
91,92,2018-04-01,1,13,4,0,NA,NA,6,0,NA,6,0,NA,6,0,NA,6,0,NA,6,0,NA,6,0,NA,6,0,"",6
92,93,2018-04-02,2,13,4,0,NA,NA,6,0,NA,6,0,NA,6,0,NA,6,0,NA,6,0,NA,6,0,NA,6,0,"",6
93,94,2018-04-03,3,13,4,0,NA,NA,6,0,NA,6,0,NA,6,0,NA,6,0,NA,6,0,NA,6,0,NA,6,0,"",6
94,95,2018-04-04,4,13,4,0,NA,NA,6,0,NA,6,0,NA,6,0,NA,6,0,NA,6,0,NA,6,0,NA,6,0,"",6
95,96,2018-04-05,5,13,4,0,NA,NA,6,0,NA,6,0,NA,6,0,NA,6,0,NA,6,0,NA,6,0,NA,6,0,"",6
96,97,2018-04-06,6,13,4,0,NA,NA,6,0,NA,6,0,NA,6,0,NA,6,0,NA,6,0,NA,6,0,NA,6,0,"",6
97,98,2018-04-07,7,13,4,0,NA,NA,6,0,NA,6,0,NA,6,0,NA,6,0,NA,6,0,NA,6,0,NA,6,0,"",6
98,99,2018-04-08,1,14,4,0,NA,NA,6,0,NA,6,0,NA,6,0,NA,6,0,NA,6,0,NA,6,0,NA,6,0,"",6
99,100,2018-04-09,2,14,4,0,NA,NA,6,0,NA,6,0,NA,6,0,NA,6,0,NA,6,0,NA,6,0,NA,6,0,"",6
100,101,2018-04-10,3,14,4,0,NA,NA,6,0,NA,6,0,NA,6,0,NA,6,0,NA,6,0,NA,6,0,NA,6,0,"",6
101,102,2018-04-11,4,14,4,0,NA,NA,6,0,NA,6,0,NA,6,0,NA,6,0,NA,6,0,NA,6,0,NA,6,0,"",6
102,103,2018-04-12,5,14,4,0,NA,NA,6,0,NA,6,0,NA,6,0,NA,6,0,NA,6,0,NA,6,0,NA,6,0,"",6
103,104,2018-04-13,6,14,4,0,NA,NA,6,0,NA,6,0,NA,6,0,NA,6,0,NA,6,0,NA,6,0,NA,6,0,"",6
104,105,2018-04-14,7,14,4,0,NA,NA,6,0,NA,6,0,NA,6,0,NA,6,0,NA,6,0,NA,6,0,NA,6,0,"",6
105,106,2018-04-15,1,15,4,0,NA,NA,6,0,NA,6,0,NA,6,0,NA,6,0,NA,6,0,NA,6,0,NA,6,0,"",6
106,107,2018-04-16,2,15,4,0,NA,NA,6,0,NA,6,0,NA,6,0,NA,6,0,NA,6,0,NA,6,0,NA,6,0,"",6
107,108,2018-04-17,3,15,4,0,NA,NA,6,0,NA,6,0,NA,6,0,NA,6,0,NA,6,0,NA,6,0,NA,6,0,"",6
108,109,2018-04-18,4,15,4,0,NA,NA,6,0,NA,6,0,NA,6,0,NA,6,0,NA,6,0,NA,6,0,NA,6,0,"",6
109,110,2018-04-19,5,15,4,0,NA,NA,6,0,NA,6,0,NA,6,0,NA,6,0,NA,6,0,NA,6,0,NA,6,0,"",6
110,111,2018-04-20,6,15,4,0,NA,NA,6,0,NA,6,0,NA,6,0,NA,6,0,NA,6,0,NA,6,0,NA,6,0,"",6
111,112,2018-04-21,7,15,4,0,NA,NA,6,0,NA,6,0,NA,6,0,NA,6,0,NA,6,0,NA,6,0,NA,6,0,"",6
112,113,2018-04-22,1,16,4,0,NA,NA,6,0,NA,6,0,NA,6,0,NA,6,0,NA,6,0,NA,6,0,NA,6,0,"",6
113,114,2018-04-23,2,16,4,0,NA,NA,6,0,NA,6,0,NA,6,0,NA,6,0,NA,6,0,NA,6,0,NA,6,0,"",6
114,115,2018-04-24,3,16,4,0,NA,NA,6,0,NA,6,0,NA,6,0,NA,6,0,NA,6,0,NA,6,0,NA,6,0,"",6
115,116,2018-04-25,4,16,4,0,NA,NA,6,0,NA,6,0,NA,6,0,NA,6,0,NA,6,0,NA,6,0,NA,6,0,"",6
116,117,2018-04-26,5,16,4,0,NA,NA,6,0,NA,6,0,NA,6,0,NA,6,0,NA,6,0,NA,6,0,NA,6,0,"",6
117,118,2018-04-27,6,16,4,0,NA,NA,6,0,NA,6,0,NA,6,0,NA,6,0,NA,6,0,NA,6,0,NA,6,0,"",6
118,119,2018-04-28,7,16,4,0,NA,NA,6,0,NA,6,0,NA,6,0,NA,6,0,NA,6,0,NA,6,0,NA,6,0,"",6
119,120,2018-04-29,1,17,4,0,NA,NA,6,0,NA,6,0,NA,6,0,NA,6,0,NA,6,0,NA,6,0,NA,6,0,"",6
120,121,2018-04-30,2,17,4,0,NA,NA,6,0,NA,6,0,NA,6,0,NA,6,0,NA,6,0,NA,6,0,NA,6,0,"",6
121,122,2018-05-01,3,17,5,0,NA,NA,6,0,NA,6,0,NA,6,0,NA,6,0,NA,6,0,NA,6,0,NA,6,0,"",6
122,123,2018-05-02,4,17,5,0,NA,NA,6,0,NA,6,0,NA,6,0,NA,6,0,NA,6,0,NA,6,0,NA,6,0,"",6
123,124,2018-05-03,5,17,5,0,NA,NA,6,0,NA,6,0,NA,6,0,NA,6,0,NA,6,0,NA,6,0,NA,6,0,"",6
124,125,2018-05-04,6,17,5,0,NA,NA,6,0,NA,6,0,NA,6,0,NA,6,0,NA,6,0,NA,6,0,NA,6,0,"",6
125,126,2018-05-05,7,17,5,0,NA,NA,6,0,NA,6,0,NA,6,0,NA,6,0,NA,6,0,NA,6,0,NA,6,0,"",6
126,127,2018-05-06,1,18,5,0,NA,NA,6,0,NA,6,0,NA,6,0,NA,6,0,NA,6,0,NA,6,0,NA,6,0,"",6
127,128,2018-05-07,2,18,5,0,NA,NA,6,0,NA,6,0,NA,6,0,NA,6,0,NA,6,0,NA,6,0,NA,6,0,"",6
128,129,2018-05-08,3,18,5,0,NA,NA,6,0,NA,6,0,NA,6,0,NA,6,0,NA,6,0,NA,6,0,NA,6,0,"",6
129,130,2018-05-09,4,18,5,0,NA,NA,6,0,NA,6,0,NA,6,0,NA,6,0,NA,6,0,NA,6,0,NA,6,0,"",6
130,131,2018-05-10,5,18,5,0,NA,NA,6,0,NA,6,0,NA,6,0,NA,6,0,NA,6,0,NA,6,0,NA,6,0,"",6
131,132,2018-05-11,6,18,5,0,NA,NA,6,0,NA,6,0,NA,6,0,NA,6,0,NA,6,0,NA,6,0,NA,6,0,"",6
132,133,2018-05-12,7,18,5,0,NA,NA,6,0,NA,6,0,NA,6,0,NA,6,0,NA,6,0,NA,6,0,NA,6,0,"",6
133,134,2018-05-13,1,19,5,0,NA,NA,6,0,NA,6,0,NA,6,0,NA,6,0,NA,6,0,NA,6,0,NA,6,0,"",6
134,135,2018-05-14,2,19,5,0,NA,NA,6,0,NA,6,0,NA,6,0,NA,6,0,NA,6,0,NA,6,0,NA,6,0,"",6
135,136,2018-05-15,3,19,5,0,NA,NA,6,0,NA,6,0,NA,6,0,NA,6,0,NA,6,0,NA,6,0,NA,6,0,"",6
136,137,2018-05-16,4,19,5,0,NA,NA,6,0,NA,6,0,NA,6,0,NA,6,0,NA,6,0,NA,6,0,NA,6,0,"",6
137,138,2018-05-17,5,19,5,0,NA,NA,6,0,NA,6,0,NA,6,0,NA,6,0,NA,6,0,NA,6,0,NA,6,0,"",6
138,139,2018-05-18,6,19,5,0,NA,NA,6,0,NA,6,0,NA,6,0,NA,6,0,NA,6,0,NA,6,0,NA,6,0,"",6
139,140,2018-05-19,7,19,5,0,NA,NA,6,0,NA,6,0,NA,6,0,NA,6,0,NA,6,0,NA,6,0,NA,6,0,"",6
140,141,2018-05-20,1,20,5,0,NA,NA,6,0,NA,6,0,NA,6,0,NA,6,0,NA,6,0,NA,6,0,NA,6,0,"",6
141,142,2018-05-21,2,20,5,0,NA,NA,6,0,NA,6,0,NA,6,0,NA,6,0,NA,6,0,NA,6,0,NA,6,0,"",6
142,143,2018-05-22,3,20,5,0,NA,NA,6,0,NA,6,0,NA,6,0,NA,6,0,NA,6,0,NA,6,0,NA,6,0,"",6
143,144,2018-05-23,4,20,5,0,NA,NA,6,0,NA,6,0,NA,6,0,NA,6,0,NA,6,0,NA,6,0,NA,6,0,"",6
144,145,2018-05-24,5,20,5,0,NA,NA,6,0,NA,6,0,NA,6,0,NA,6,0,NA,6,0,NA,6,0,NA,6,0,"",6
145,146,2018-05-25,6,20,5,0,NA,NA,6,0,NA,6,0,NA,6,0,NA,6,0,NA,6,0,NA,6,0,NA,6,0,"",6
146,147,2018-05-26,7,20,5,0,NA,NA,6,0,NA,6,0,NA,6,0,NA,6,0,NA,6,0,NA,6,0,NA,6,0,"",6
147,148,2018-05-27,1,21,5,0,NA,NA,6,0,NA,6,0,NA,6,0,NA,6,0,NA,6,0,NA,6,0,NA,6,0,"",6
148,149,2018-05-28,2,21,5,0,NA,NA,6,0,NA,6,0,NA,6,0,NA,6,0,NA,6,0,NA,6,0,NA,6,0,"",6
149,150,2018-05-29,3,21,5,0,NA,NA,6,0,NA,6,0,NA,6,0,NA,6,0,NA,6,0,NA,6,0,NA,6,0,"",6
150,151,2018-05-30,4,21,5,0,NA,NA,6,0,NA,6,0,NA,6,0,NA,6,0,NA,6,0,NA,6,0,NA,6,0,"",6
151,152,2018-05-31,5,21,5,0,NA,NA,6,0,NA,6,0,NA,6,0,NA,6,0,NA,6,0,NA,6,0,NA,6,0,"",6
152,153,2018-06-01,6,21,6,0,NA,NA,6,0,NA,6,0,NA,6,0,NA,6,0,NA,6,0,NA,6,0,NA,6,0,"",6
153,154,2018-06-02,7,21,6,0,NA,NA,6,0,NA,6,0,NA,6,0,NA,6,0,NA,6,0,NA,6,0,NA,6,0,"",6
154,155,2018-06-03,1,22,6,0,NA,NA,6,0,NA,6,0,NA,6,0,NA,6,0,NA,6,0,NA,6,0,NA,6,0,"",6
155,156,2018-06-04,2,22,6,0,NA,NA,6,0,NA,6,0,NA,6,0,NA,6,0,NA,6,0,NA,6,0,NA,6,0,"",6
156,157,2018-06-05,3,22,6,0,NA,NA,6,0,NA,6,0,NA,6,0,NA,6,0,NA,6,0,NA,6,0,NA,6,0,"",6
157,158,2018-06-06,4,22,6,0,NA,NA,6,0,NA,6,0,NA,6,0,NA,6,0,NA,6,0,NA,6,0,NA,6,0,"",6
158,159,2018-06-07,5,22,6,0,NA,NA,6,0,NA,6,0,NA,6,0,NA,6,0,NA,6,0,NA,6,0,NA,6,0,"",6
159,160,2018-06-08,6,22,6,0,NA,NA,6,0,NA,6,0,NA,6,0,NA,6,0,NA,6,0,NA,6,0,NA,6,0,"",6
160,161,2018-06-09,7,22,6,0,NA,NA,6,0,NA,6,0,NA,6,0,NA,6,0,NA,6,0,NA,6,0,NA,6,0,"",6
161,162,2018-06-10,1,23,6,0,NA,NA,6,0,NA,6,0,NA,6,0,NA,6,0,NA,6,0,NA,6,0,NA,6,0,"",6
162,163,2018-06-11,2,23,6,0,NA,NA,6,0,NA,6,0,NA,6,0,NA,6,0,NA,6,0,NA,6,0,NA,6,0,"",6
163,164,2018-06-12,3,23,6,0,NA,NA,6,0,NA,6,0,NA,6,0,NA,6,0,NA,6,0,NA,6,0,NA,6,0,"",6
164,165,2018-06-13,4,23,6,0,NA,NA,6,0,NA,6,0,NA,6,0,NA,6,0,NA,6,0,NA,6,0,NA,6,0,"",6
165,166,2018-06-14,5,23,6,0,NA,NA,6,0,NA,6,0,NA,6,0,NA,6,0,NA,6,0,NA,6,0,NA,6,0,"",6
166,167,2018-06-15,6,23,6,0,NA,NA,6,0,NA,6,0,NA,6,0,NA,6,0,NA,6,0,NA,6,0,NA,6,0,"",6
167,168,2018-06-16,7,23,6,0,NA,NA,6,0,NA,6,0,NA,6,0,NA,6,0,NA,6,0,NA,6,0,NA,6,0,"",6
168,169,2018-06-17,1,24,6,0,NA,NA,6,0,NA,6,0,NA,6,0,NA,6,0,NA,6,0,NA,6,0,NA,6,0,"",6
169,170,2018-06-18,2,24,6,0,NA,NA,6,0,NA,6,0,NA,6,0,NA,6,0,NA,6,0,NA,6,0,NA,6,0,"",6
170,171,2018-06-19,3,24,6,0,NA,NA,6,0,NA,6,0,NA,6,0,NA,6,0,NA,6,0,NA,6,0,NA,6,0,"",6
171,172,2018-06-20,4,24,6,0,NA,NA,6,0,NA,6,0,NA,6,0,NA,6,0,NA,6,0,NA,6,0,NA,6,0,"",6
172,173,2018-06-21,5,24,6,0,NA,NA,6,0,NA,6,0,NA,6,0,NA,6,0,NA,6,0,NA,6,0,NA,6,0,"",6
173,174,2018-06-22,6,24,6,0,NA,NA,6,0,NA,6,0,NA,6,0,NA,6,0,NA,6,0,NA,6,0,NA,6,0,"",6
174,175,2018-06-23,7,24,6,0,NA,NA,6,0,NA,6,0,NA,6,0,NA,6,0,NA,6,0,NA,6,0,NA,6,0,"",6
175,176,2018-06-24,1,25,6,0,NA,NA,6,0,NA,6,0,NA,6,0,NA,6,0,NA,6,0,NA,6,0,NA,6,0,"",6
176,177,2018-06-25,2,25,6,0,NA,NA,6,0,NA,6,0,NA,6,0,NA,6,0,NA,6,0,NA,6,0,NA,6,0,"",6
177,178,2018-06-26,3,25,6,0,NA,NA,6,0,NA,6,0,NA,6,0,NA,6,0,NA,6,0,NA,6,0,NA,6,0,"",6
178,179,2018-06-27,4,25,6,0,NA,NA,6,0,NA,6,0,NA,6,0,NA,6,0,NA,6,0,NA,6,0,NA,6,0,"",6
179,180,2018-06-28,5,25,6,0,NA,NA,6,0,NA,6,0,NA,6,0,NA,6,0,NA,6,0,NA,6,0,NA,6,0,"",6
180,181,2018-06-29,6,25,6,0,NA,NA,6,0,NA,6,0,NA,6,0,NA,6,0,NA,6,0,NA,6,0,NA,6,0,"",6
181,182,2018-06-30,7,25,6,0,NA,NA,6,0,NA,6,0,NA,6,0,NA,6,0,NA,6,0,NA,6,0,NA,6,0,"",6
182,183,2018-07-01,1,26,7,0,NA,NA,6,0,NA,6,0,NA,6,0,NA,6,0,NA,6,0,NA,6,0,NA,6,0,"",6
183,184,2018-07-02,2,26,7,0,NA,NA,6,0,NA,6,0,NA,6,0,NA,6,0,NA,6,0,NA,6,0,NA,6,0,"",6
184,185,2018-07-03,3,26,7,0,NA,NA,6,0,NA,6,0,NA,6,0,NA,6,0,NA,6,0,NA,6,0,NA,6,0,"",6
185,186,2018-07-04,4,26,7,0,NA,NA,6,0,NA,6,0,NA,6,0,NA,6,0,NA,6,0,NA,6,0,NA,6,0,"",6
186,187,2018-07-05,5,26,7,0,NA,NA,6,0,NA,6,0,NA,6,0,NA,6,0,NA,6,0,NA,6,0,NA,6,0,"",6
187,188,2018-07-06,6,26,7,0,NA,NA,6,0,NA,6,0,NA,6,0,NA,6,0,NA,6,0,NA,6,0,NA,6,0,"",6
188,189,2018-07-07,7,26,7,0,NA,NA,6,0,NA,6,0,NA,6,0,NA,6,0,NA,6,0,NA,6,0,NA,6,0,"",6
189,190,2018-07-08,1,27,7,0,NA,NA,6,0,NA,6,0,NA,6,0,NA,6,0,NA,6,0,NA,6,0,NA,6,0,"",6
190,191,2018-07-09,2,27,7,0,NA,NA,6,0,NA,6,0,NA,6,0,NA,6,0,NA,6,0,NA,6,0,NA,6,0,"",6
191,192,2018-07-10,3,27,7,0,NA,NA,6,0,NA,6,0,NA,6,0,NA,6,0,NA,6,0,NA,6,0,NA,6,0,"",6
192,193,2018-07-11,4,27,7,0,NA,NA,6,0,NA,6,0,NA,6,0,NA,6,0,NA,6,0,NA,6,0,NA,6,0,"",6
193,194,2018-07-12,5,27,7,0,NA,NA,6,0,NA,6,0,NA,6,0,NA,6,0,NA,6,0,NA,6,0,NA,6,0,"",6
194,195,2018-07-13,6,27,7,0,NA,NA,6,0,NA,6,0,NA,6,0,NA,6,0,NA,6,0,NA,6,0,NA,6,0,"",6
195,196,2018-07-14,7,27,7,0,NA,NA,6,0,NA,6,0,NA,6,0,NA,6,0,NA,6,0,NA,6,0,NA,6,0,"",6
196,197,2018-07-15,1,28,7,0,NA,NA,6,0,NA,6,0,NA,6,0,NA,6,0,NA,6,0,NA,6,0,NA,6,0,"",6
197,198,2018-07-16,2,28,7,0,NA,NA,6,0,NA,6,0,NA,6,0,NA,6,0,NA,6,0,NA,6,0,NA,6,0,"",6
198,199,2018-07-17,3,28,7,0,NA,NA,6,0,NA,6,0,NA,6,0,NA,6,0,NA,6,0,NA,6,0,NA,6,0,"",6
199,200,2018-07-18,4,28,7,0,NA,NA,6,0,NA,6,0,NA,6,0,NA,6,0,NA,6,0,NA,6,0,NA,6,0,"",6
200,201,2018-07-19,5,28,7,0,NA,NA,6,0,NA,6,0,NA,6,0,NA,6,0,NA,6,0,NA,6,0,NA,6,0,"",6
201,202,2018-07-20,6,28,7,0,NA,NA,6,0,NA,6,0,NA,6,0,NA,6,0,NA,6,0,NA,6,0,NA,6,0,"",6
202,203,2018-07-21,7,28,7,0,NA,NA,6,0,NA,6,0,NA,6,0,NA,6,0,NA,6,0,NA,6,0,NA,6,0,"",6
203,204,2018-07-22,1,29,7,0,NA,NA,6,0,NA,6,0,NA,6,0,NA,6,0,NA,6,0,NA,6,0,NA,6,0,"",6
204,205,2018-07-23,2,29,7,0,NA,NA,6,0,NA,6,0,NA,6,0,NA,6,0,NA,6,0,NA,6,0,NA,6,0,"",6
205,206,2018-07-24,3,29,7,0,NA,NA,6,0,NA,6,0,NA,6,0,NA,6,0,NA,6,0,NA,6,0,NA,6,0,"",6
206,207,2018-07-25,4,29,7,0,NA,NA,6,0,NA,6,0,NA,6,0,NA,6,0,NA,6,0,NA,6,0,NA,6,0,"",6
207,208,2018-07-26,5,29,7,0,NA,NA,6,0,NA,6,0,NA,6,0,NA,6,0,NA,6,0,NA,6,0,NA,6,0,"",6
208,209,2018-07-27,6,29,7,0,NA,NA,6,0,NA,6,0,NA,6,0,NA,6,0,NA,6,0,NA,6,0,NA,6,0,"",6
209,210,2018-07-28,7,29,7,0,NA,NA,6,0,NA,6,0,NA,6,0,NA,6,0,NA,6,0,NA,6,0,NA,6,0,"",6
210,211,2018-07-29,1,30,7,0,NA,NA,6,0,NA,6,0,NA,6,0,NA,6,0,NA,6,0,NA,6,0,NA,6,0,"",6
211,212,2018-07-30,2,30,7,0,NA,NA,6,0,NA,6,0,NA,6,0,NA,6,0,NA,6,0,NA,6,0,NA,6,0,"",6
212,213,2018-07-31,3,30,7,0,NA,NA,6,0,NA,6,0,NA,6,0,NA,6,0,NA,6,0,NA,6,0,NA,6,0,"",6
213,214,2018-08-01,4,30,8,0,NA,NA,6,0,NA,6,0,NA,6,0,NA,6,0,NA,6,0,NA,6,0,NA,6,0,"",6
214,215,2018-08-02,5,30,8,0,NA,NA,6,0,NA,6,0,NA,6,0,NA,6,0,NA,6,0,NA,6,0,NA,6,0,"",6
215,216,2018-08-03,6,30,8,0,NA,NA,6,0,NA,6,0,NA,6,0,NA,6,0,NA,6,0,NA,6,0,NA,6,0,"",6
216,217,2018-08-04,7,30,8,0,NA,NA,6,0,NA,6,0,NA,6,0,NA,6,0,NA,6,0,NA,6,0,NA,6,0,"",6
217,218,2018-08-05,1,31,8,0,NA,NA,6,0,NA,6,0,NA,6,0,NA,6,0,NA,6,0,NA,6,0,NA,6,0,"",6
218,219,2018-08-06,2,31,8,0,NA,NA,6,0,NA,6,0,NA,6,0,NA,6,0,NA,6,0,NA,6,0,NA,6,0,"",6
219,220,2018-08-07,3,31,8,0,NA,NA,6,0,NA,6,0,NA,6,0,NA,6,0,NA,6,0,NA,6,0,NA,6,0,"",6
220,221,2018-08-08,4,31,8,0,NA,NA,6,0,NA,6,0,NA,6,0,NA,6,0,NA,6,0,NA,6,0,NA,6,0,"",6
221,222,2018-08-09,5,31,8,0,NA,NA,6,0,NA,6,0,NA,6,0,NA,6,0,NA,6,0,NA,6,0,NA,6,0,"",6
222,223,2018-08-10,6,31,8,0,NA,NA,6,0,NA,6,0,NA,6,0,NA,6,0,NA,6,0,NA,6,0,NA,6,0,"",6
223,224,2018-08-11,7,31,8,0,NA,NA,6,0,NA,6,0,NA,6,0,NA,6,0,NA,6,0,NA,6,0,NA,6,0,"",6
224,225,2018-08-12,1,32,8,0,NA,NA,6,0,NA,6,0,NA,6,0,NA,6,0,NA,6,0,NA,6,0,NA,6,0,"",6
225,226,2018-08-13,2,32,8,0,NA,NA,6,0,NA,6,0,NA,6,0,NA,6,0,NA,6,0,NA,6,0,NA,6,0,"",6
226,227,2018-08-14,3,32,8,0,NA,NA,6,0,NA,6,0,NA,6,0,NA,6,0,NA,6,0,NA,6,0,NA,6,0,"",6
227,228,2018-08-15,4,32,8,0,NA,NA,6,0,NA,6,0,NA,6,0,NA,6,0,NA,6,0,NA,6,0,NA,6,0,"",6
228,229,2018-08-16,5,32,8,0,NA,NA,6,0,NA,6,0,NA,6,0,NA,6,0,NA,6,0,NA,6,0,NA,6,0,"",6
229,230,2018-08-17,6,32,8,0,NA,NA,6,0,NA,6,0,NA,6,0,NA,6,0,NA,6,0,NA,6,0,NA,6,0,"",6
230,231,2018-08-18,7,32,8,0,NA,NA,6,0,NA,6,0,NA,6,0,NA,6,0,NA,6,0,NA,6,0,NA,6,0,"",6
231,232,2018-08-19,1,33,8,0,NA,NA,6,0,NA,6,0,NA,6,0,NA,6,0,NA,6,0,NA,6,0,NA,6,0,"",6
232,233,2018-08-20,2,33,8,0,NA,NA,6,0,NA,6,0,NA,6,0,NA,6,0,NA,6,0,NA,6,0,NA,6,0,"",6
233,234,2018-08-21,3,33,8,0,NA,NA,6,0,NA,6,0,NA,6,0,NA,6,0,NA,6,0,NA,6,0,NA,6,0,"",6
234,235,2018-08-22,4,33,8,0,NA,NA,6,0,NA,6,0,NA,6,0,NA,6,0,NA,6,0,NA,6,0,NA,6,0,"",6
235,236,2018-08-23,5,33,8,0,NA,NA,6,0,NA,6,0,NA,6,0,NA,6,0,NA,6,0,NA,6,0,NA,6,0,"",6
236,237,2018-08-24,6,33,8,0,NA,NA,6,0,NA,6,0,NA,6,0,NA,6,0,NA,6,0,NA,6,0,NA,6,0,"",6
237,238,2018-08-25,7,33,8,0,NA,NA,6,0,NA,6,0,NA,6,0,NA,6,0,NA,6,0,NA,6,0,NA,6,0,"",6
238,239,2018-08-26,1,34,8,0,NA,NA,6,0,NA,6,0,NA,6,0,NA,6,0,NA,6,0,NA,6,0,NA,6,0,"",6
239,240,2018-08-27,2,34,8,0,NA,NA,6,0,NA,6,0,NA,6,0,NA,6,0,NA,6,0,NA,6,0,NA,6,0,"",6
240,241,2018-08-28,3,34,8,0,NA,NA,6,0,NA,6,0,NA,6,0,NA,6,0,NA,6,0,NA,6,0,NA,6,0,"",6
241,242,2018-08-29,4,34,8,0,NA,NA,6,0,NA,6,0,NA,6,0,NA,6,0,NA,6,0,NA,6,0,NA,6,0,"",6
242,243,2018-08-30,5,34,8,0,NA,NA,6,0,NA,6,0,NA,6,0,NA,6,0,NA,6,0,NA,6,0,NA,6,0,"",6
243,244,2018-08-31,6,34,8,0,NA,NA,6,0,NA,6,0,NA,6,0,NA,6,0,NA,6,0,NA,6,0,NA,6,0,"",6
244,245,2018-09-01,7,34,9,0,NA,NA,6,0,NA,6,0,NA,6,0,NA,6,0,NA,6,0,NA,6,0,NA,6,0,"",6
245,246,2018-09-02,1,35,9,0,NA,NA,6,0,NA,6,0,NA,6,0,NA,6,0,NA,6,0,NA,6,0,NA,6,0,"",6
246,247,2018-09-03,2,35,9,0,NA,NA,6,0,NA,6,0,NA,6,0,NA,6,0,NA,6,0,NA,6,0,NA,6,0,"",6
247,248,2018-09-04,3,35,9,0,NA,NA,6,0,NA,6,0,NA,6,0,NA,6,0,NA,6,0,NA,6,0,NA,6,0,"",6
248,249,2018-09-05,4,35,9,0,NA,NA,6,0,NA,6,0,NA,6,0,NA,6,0,NA,6,0,NA,6,0,NA,6,0,"",6
249,250,2018-09-06,5,35,9,0,NA,NA,6,0,NA,6,0,NA,6,0,NA,6,0,NA,6,0,NA,6,0,NA,6,0,"",6
250,251,2018-09-07,6,35,9,0,NA,NA,6,0,NA,6,0,NA,6,0,NA,6,0,NA,6,0,NA,6,0,NA,6,0,"",6
251,252,2018-09-08,7,35,9,0,NA,NA,6,0,NA,6,0,NA,6,0,NA,6,0,NA,6,0,NA,6,0,NA,6,0,"",6
252,253,2018-09-09,1,36,9,0,NA,NA,6,0,NA,6,0,NA,6,0,NA,6,0,NA,6,0,NA,6,0,NA,6,0,"",6
253,254,2018-09-10,2,36,9,0,NA,NA,6,0,NA,6,0,NA,6,0,NA,6,0,NA,6,0,NA,6,0,NA,6,0,"",6
254,255,2018-09-11,3,36,9,0,NA,NA,6,0,NA,6,0,NA,6,0,NA,6,0,NA,6,0,NA,6,0,NA,6,0,"",6
255,256,2018-09-12,4,36,9,0,NA,NA,6,0,NA,6,0,NA,6,0,NA,6,0,NA,6,0,NA,6,0,NA,6,0,"",6
256,257,2018-09-13,5,36,9,0,NA,NA,6,0,NA,6,0,NA,6,0,NA,6,0,NA,6,0,NA,6,0,NA,6,0,"",6
257,258,2018-09-14,6,36,9,0,NA,NA,6,0,NA,6,0,NA,6,0,NA,6,0,NA,6,0,NA,6,0,NA,6,0,"",6
258,259,2018-09-15,7,36,9,0,NA,NA,6,0,NA,6,0,NA,6,0,NA,6,0,NA,6,0,NA,6,0,NA,6,0,"",6
259,260,2018-09-16,1,37,9,0,NA,NA,6,0,NA,6,0,NA,6,0,NA,6,0,NA,6,0,NA,6,0,NA,6,0,"",6
260,261,2018-09-17,2,37,9,0,NA,NA,6,0,NA,6,0,NA,6,0,NA,6,0,NA,6,0,NA,6,0,NA,6,0,"",6
261,262,2018-09-18,3,37,9,0,NA,NA,6,0,NA,6,0,NA,6,0,NA,6,0,NA,6,0,NA,6,0,NA,6,0,"",6
262,263,2018-09-19,4,37,9,0,NA,NA,6,0,NA,6,0,NA,6,0,NA,6,0,NA,6,0,NA,6,0,NA,6,0,"",6
263,264,2018-09-20,5,37,9,0,NA,NA,6,0,NA,6,0,NA,6,0,NA,6,0,NA,6,0,NA,6,0,NA,6,0,"",6
264,265,2018-09-21,6,37,9,0,NA,NA,6,0,NA,6,0,NA,6,0,NA,6,0,NA,6,0,NA,6,0,NA,6,0,"",6
265,266,2018-09-22,7,37,9,0,NA,NA,6,0,NA,6,0,NA,6,0,NA,6,0,NA,6,0,NA,6,0,NA,6,0,"",6
266,267,2018-09-23,1,38,9,0,NA,NA,6,0,NA,6,0,NA,6,0,NA,6,0,NA,6,0,NA,6,0,NA,6,0,"",6
267,268,2018-09-24,2,38,9,0,NA,NA,6,0,NA,6,0,NA,6,0,NA,6,0,NA,6,0,NA,6,0,NA,6,0,"",6
268,269,2018-09-25,3,38,9,0,NA,NA,6,0,NA,6,0,NA,6,0,NA,6,0,NA,6,0,NA,6,0,NA,6,0,"",6
269,270,2018-09-26,4,38,9,0,NA,NA,6,0,NA,6,0,NA,6,0,NA,6,0,NA,6,0,NA,6,0,NA,6,0,"",6
270,271,2018-09-27,5,38,9,0,NA,NA,6,0,NA,6,0,NA,6,0,NA,6,0,NA,6,0,NA,6,0,NA,6,0,"",6
271,272,2018-09-28,6,38,9,0,NA,NA,6,0,NA,6,0,NA,6,0,NA,6,0,NA,6,0,NA,6,0,NA,6,0,"",6
272,273,2018-09-29,7,38,9,0,NA,NA,6,0,NA,6,0,NA,6,0,NA,6,0,NA,6,0,NA,6,0,NA,6,0,"",6
273,274,2018-09-30,1,39,9,0,NA,NA,6,0,NA,6,0,NA,6,0,NA,6,0,NA,6,0,NA,6,0,NA,6,0,"",6
274,275,2018-10-01,2,39,10,0,NA,NA,6,0,NA,6,0,NA,6,0,NA,6,0,NA,6,0,NA,6,0,NA,6,0,"",6
275,276,2018-10-02,3,39,10,0,NA,NA,6,0,NA,6,0,NA,6,0,NA,6,0,NA,6,0,NA,6,0,NA,6,0,"",6
276,277,2018-10-03,4,39,10,0,NA,NA,6,0,NA,6,0,NA,6,0,NA,6,0,NA,6,0,NA,6,0,NA,6,0,"",6
277,278,2018-10-04,5,39,10,0,NA,NA,6,0,NA,6,0,NA,6,0,NA,6,0,NA,6,0,NA,6,0,NA,6,0,"",6
278,279,2018-10-05,6,39,10,0,NA,NA,6,0,NA,6,0,NA,6,0,NA,6,0,NA,6,0,NA,6,0,NA,6,0,"",6
279,280,2018-10-06,7,39,10,0,NA,NA,6,0,NA,6,0,NA,6,0,NA,6,0,NA,6,0,NA,6,0,NA,6,0,"",6
280,281,2018-10-07,1,40,10,0,NA,NA,6,0,NA,6,0,NA,6,0,NA,6,0,NA,6,0,NA,6,0,NA,6,0,"",6
281,282,2018-10-08,2,40,10,0,NA,NA,6,0,NA,6,0,NA,6,0,NA,6,0,NA,6,0,NA,6,0,NA,6,0,"",6
282,283,2018-10-09,3,40,10,0,NA,NA,6,0,NA,6,0,NA,6,0,NA,6,0,NA,6,0,NA,6,0,NA,6,0,"",6
283,284,2018-10-10,4,40,10,0,NA,NA,6,0,NA,6,0,NA,6,0,NA,6,0,NA,6,0,NA,6,0,NA,6,0,"",6
284,285,2018-10-11,5,40,10,0,NA,NA,6,0,NA,6,0,NA,6,0,NA,6,0,NA,6,0,NA,6,0,NA,6,0,"",6
285,286,2018-10-12,6,40,10,0,NA,NA,6,0,NA,6,0,NA,6,0,NA,6,0,NA,6,0,NA,6,0,NA,6,0,"",6
286,287,2018-10-13,7,40,10,0,NA,NA,6,0,NA,6,0,NA,6,0,NA,6,0,NA,6,0,NA,6,0,NA,6,0,"",6
287,288,2018-10-14,1,41,10,0,NA,NA,6,0,NA,6,0,NA,6,0,NA,6,0,NA,6,0,NA,6,0,NA,6,0,"",6
288,289,2018-10-15,2,41,10,0,NA,NA,6,0,NA,6,0,NA,6,0,NA,6,0,NA,6,0,NA,6,0,NA,6,0,"",6
289,290,2018-10-16,3,41,10,0,NA,NA,6,0,NA,6,0,NA,6,0,NA,6,0,NA,6,0,NA,6,0,NA,6,0,"",6
290,291,2018-10-17,4,41,10,0,NA,NA,6,0,NA,6,0,NA,6,0,NA,6,0,NA,6,0,NA,6,0,NA,6,0,"",6
291,292,2018-10-18,5,41,10,0,NA,NA,6,0,NA,6,0,NA,6,0,NA,6,0,NA,6,0,NA,6,0,NA,6,0,"",6
292,293,2018-10-19,6,41,10,0,NA,NA,6,0,NA,6,0,NA,6,0,NA,6,0,NA,6,0,NA,6,0,NA,6,0,"",6
293,294,2018-10-20,7,41,10,0,NA,NA,6,0,NA,6,0,NA,6,0,NA,6,0,NA,6,0,NA,6,0,NA,6,0,"",6
294,295,2018-10-21,1,42,10,0,NA,NA,6,0,NA,6,0,NA,6,0,NA,6,0,NA,6,0,NA,6,0,NA,6,0,"",6
295,296,2018-10-22,2,42,10,0,NA,NA,6,0,NA,6,0,NA,6,0,NA,6,0,NA,6,0,NA,6,0,NA,6,0,"",6
296,297,2018-10-23,3,42,10,0,NA,NA,6,0,NA,6,0,NA,6,0,NA,6,0,NA,6,0,NA,6,0,NA,6,0,"",6
297,298,2018-10-24,4,42,10,0,NA,NA,6,0,NA,6,0,NA,6,0,NA,6,0,NA,6,0,NA,6,0,NA,6,0,"",6
298,299,2018-10-25,5,42,10,0,NA,NA,6,0,NA,6,0,NA,6,0,NA,6,0,NA,6,0,NA,6,0,NA,6,0,"",6
299,300,2018-10-26,6,42,10,0,NA,NA,6,0,NA,6,0,NA,6,0,NA,6,0,NA,6,0,NA,6,0,NA,6,0,"",6
300,301,2018-10-27,7,42,10,0,NA,NA,6,0,NA,6,0,NA,6,0,NA,6,0,NA,6,0,NA,6,0,NA,6,0,"",6
301,302,2018-10-28,1,43,10,0,NA,NA,6,0,NA,6,0,NA,6,0,NA,6,0,NA,6,0,NA,6,0,NA,6,0,"",6
302,303,2018-10-29,2,43,10,0,NA,NA,6,0,NA,6,0,NA,6,0,NA,6,0,NA,6,0,NA,6,0,NA,6,0,"",6
303,304,2018-10-30,3,43,10,0,NA,NA,6,0,NA,6,0,NA,6,0,NA,6,0,NA,6,0,NA,6,0,NA,6,0,"",6
304,305,2018-10-31,4,43,10,0,NA,NA,6,0,NA,6,0,NA,6,0,NA,6,0,NA,6,0,NA,6,0,NA,6,0,"",6
305,306,2018-11-01,5,43,11,0,NA,NA,6,0,NA,6,0,NA,6,0,NA,6,0,NA,6,0,NA,6,0,NA,6,0,"",6
306,307,2018-11-02,6,43,11,0,NA,NA,6,0,NA,6,0,NA,6,0,NA,6,0,NA,6,0,NA,6,0,NA,6,0,"",6
307,308,2018-11-03,7,43,11,0,NA,NA,6,0,NA,6,0,NA,6,0,NA,6,0,NA,6,0,NA,6,0,NA,6,0,"",6
308,309,2018-11-04,1,44,11,0,NA,NA,6,0,NA,6,0,NA,6,0,NA,6,0,NA,6,0,NA,6,0,NA,6,0,"",6
309,310,2018-11-05,2,44,11,0,NA,NA,6,0,NA,6,0,NA,6,0,NA,6,0,NA,6,0,NA,6,0,NA,6,0,"",6
310,311,2018-11-06,3,44,11,0,NA,NA,6,0,NA,6,0,NA,6,0,NA,6,0,NA,6,0,NA,6,0,NA,6,0,"",6
311,312,2018-11-07,4,44,11,0,NA,NA,6,0,NA,6,0,NA,6,0,NA,6,0,NA,6,0,NA,6,0,NA,6,0,"",6
312,313,2018-11-08,5,44,11,0,NA,NA,6,0,NA,6,0,NA,6,0,NA,6,0,NA,6,0,NA,6,0,NA,6,0,"",6
313,314,2018-11-09,6,44,11,0,NA,NA,6,0,NA,6,0,NA,6,0,NA,6,0,NA,6,0,NA,6,0,NA,6,0,"",6
314,315,2018-11-10,7,44,11,0,NA,NA,6,0,NA,6,0,NA,6,0,NA,6,0,NA,6,0,NA,6,0,NA,6,0,"",6
315,316,2018-11-11,1,45,11,0,NA,NA,6,0,NA,6,0,NA,6,0,NA,6,0,NA,6,0,NA,6,0,NA,6,0,"",6
316,317,2018-11-12,2,45,11,0,NA,NA,6,0,NA,6,0,NA,6,0,NA,6,0,NA,6,0,NA,6,0,NA,6,0,"",6
317,318,2018-11-13,3,45,11,0,NA,NA,6,0,NA,6,0,NA,6,0,NA,6,0,NA,6,0,NA,6,0,NA,6,0,"",6
318,319,2018-11-14,4,45,11,0,NA,NA,6,0,NA,6,0,NA,6,0,NA,6,0,NA,6,0,NA,6,0,NA,6,0,"",6
319,320,2018-11-15,5,45,11,0,NA,NA,6,0,NA,6,0,NA,6,0,NA,6,0,NA,6,0,NA,6,0,NA,6,0,"",6
320,321,2018-11-16,6,45,11,0,NA,NA,6,0,NA,6,0,NA,6,0,NA,6,0,NA,6,0,NA,6,0,NA,6,0,"",6
321,322,2018-11-17,7,45,11,0,NA,NA,6,0,NA,6,0,NA,6,0,NA,6,0,NA,6,0,NA,6,0,NA,6,0,"",6
322,323,2018-11-18,1,46,11,0,NA,NA,6,0,NA,6,0,NA,6,0,NA,6,0,NA,6,0,NA,6,0,NA,6,0,"",6
323,324,2018-11-19,2,46,11,0,NA,NA,6,0,NA,6,0,NA,6,0,NA,6,0,NA,6,0,NA,6,0,NA,6,0,"",6
324,325,2018-11-20,3,46,11,0,NA,NA,6,0,NA,6,0,NA,6,0,NA,6,0,NA,6,0,NA,6,0,NA,6,0,"",6
325,326,2018-11-21,4,46,11,0,NA,NA,6,0,NA,6,0,NA,6,0,NA,6,0,NA,6,0,NA,6,0,NA,6,0,"",6
326,327,2018-11-22,5,46,11,0,NA,NA,6,0,NA,6,0,NA,6,0,NA,6,0,NA,6,0,NA,6,0,NA,6,0,"",6
327,328,2018-11-23,6,46,11,0,NA,NA,6,0,NA,6,0,NA,6,0,NA,6,0,NA,6,0,NA,6,0,NA,6,0,"",6
328,329,2018-11-24,7,46,11,0,NA,NA,6,0,NA,6,0,NA,6,0,NA,6,0,NA,6,0,NA,6,0,NA,6,0,"",6
329,330,2018-11-25,1,47,11,0,NA,NA,6,0,NA,6,0,NA,6,0,NA,6,0,NA,6,0,NA,6,0,NA,6,0,"",6
330,331,2018-11-26,2,47,11,0,NA,NA,6,0,NA,6,0,NA,6,0,NA,6,0,NA,6,0,NA,6,0,NA,6,0,"",6
331,332,2018-11-27,3,47,11,0,NA,NA,6,0,NA,6,0,NA,6,0,NA,6,0,NA,6,0,NA,6,0,NA,6,0,"",6
332,333,2018-11-28,4,47,11,0,NA,NA,6,0,NA,6,0,NA,6,0,NA,6,0,NA,6,0,NA,6,0,NA,6,0,"",6
333,334,2018-11-29,5,47,11,0,NA,NA,6,0,NA,6,0,NA,6,0,NA,6,0,NA,6,0,NA,6,0,NA,6,0,"",6
334,335,2018-11-30,6,47,11,0,NA,NA,6,0,NA,6,0,NA,6,0,NA,6,0,NA,6,0,NA,6,0,NA,6,0,"",6
335,336,2018-12-01,7,47,12,0,NA,NA,6,0,NA,6,0,NA,6,0,NA,6,0,NA,6,0,NA,6,0,NA,6,0,"",6
336,337,2018-12-02,1,48,12,0,NA,NA,6,0,NA,6,0,NA,6,0,NA,6,0,NA,6,0,NA,6,0,NA,6,0,"",6
337,338,2018-12-03,2,48,12,0,NA,NA,6,0,NA,6,0,NA,6,0,NA,6,0,NA,6,0,NA,6,0,NA,6,0,"",6
338,339,2018-12-04,3,48,12,0,NA,NA,6,0,NA,6,0,NA,6,0,NA,6,0,NA,6,0,NA,6,0,NA,6,0,"",6
339,340,2018-12-05,4,48,12,0,NA,NA,6,0,NA,6,0,NA,6,0,NA,6,0,NA,6,0,NA,6,0,NA,6,0,"",6
340,341,2018-12-06,5,48,12,0,NA,NA,6,0,NA,6,0,NA,6,0,NA,6,0,NA,6,0,NA,6,0,NA,6,0,"",6
341,342,2018-12-07,6,48,12,0,NA,NA,6,0,NA,6,0,NA,6,0,NA,6,0,NA,6,0,NA,6,0,NA,6,0,"",6
342,343,2018-12-08,7,48,12,0,NA,NA,6,0,NA,6,0,NA,6,0,NA,6,0,NA,6,0,NA,6,0,NA,6,0,"",6
343,344,2018-12-09,1,49,12,0,NA,NA,6,0,NA,6,0,NA,6,0,NA,6,0,NA,6,0,NA,6,0,NA,6,0,"",6
344,345,2018-12-10,2,49,12,0,NA,NA,6,0,NA,6,0,NA,6,0,NA,6,0,NA,6,0,NA,6,0,NA,6,0,"",6
345,346,2018-12-11,3,49,12,0,NA,NA,6,0,NA,6,0,NA,6,0,NA,6,0,NA,6,0,NA,6,0,NA,6,0,"",6
346,347,2018-12-12,4,49,12,0,NA,NA,6,0,NA,6,0,NA,6,0,NA,6,0,NA,6,0,NA,6,0,NA,6,0,"",6
347,348,2018-12-13,5,49,12,0,NA,NA,6,0,NA,6,0,NA,6,0,NA,6,0,NA,6,0,NA,6,0,NA,6,0,"",6
348,349,2018-12-14,6,49,12,0,NA,NA,6,0,NA,6,0,NA,6,0,NA,6,0,NA,6,0,NA,6,0,NA,6,0,"",6
349,350,2018-12-15,7,49,12,0,NA,NA,6,0,NA,6,0,NA,6,0,NA,6,0,NA,6,0,NA,6,0,NA,6,0,"",6
350,351,2018-12-16,1,50,12,0,NA,NA,6,0,NA,6,0,NA,6,0,NA,6,0,NA,6,0,NA,6,0,NA,6,0,"",6
351,352,2018-12-17,2,50,12,0,NA,NA,6,0,NA,6,0,NA,6,0,NA,6,0,NA,6,0,NA,6,0,NA,6,0,"",6
352,353,2018-12-18,3,50,12,0,NA,NA,6,0,NA,6,0,NA,6,0,NA,6,0,NA,6,0,NA,6,0,NA,6,0,"",6
353,354,2018-12-19,4,50,12,0,NA,NA,6,0,NA,6,0,NA,6,0,NA,6,0,NA,6,0,NA,6,0,NA,6,0,"",6
354,355,2018-12-20,5,50,12,0,NA,NA,6,0,NA,6,0,NA,6,0,NA,6,0,NA,6,0,NA,6,0,NA,6,0,"",6
355,356,2018-12-21,6,50,12,0,NA,NA,6,0,NA,6,0,NA,6,0,NA,6,0,NA,6,0,NA,6,0,NA,6,0,"",6
356,357,2018-12-22,7,50,12,0,NA,NA,6,0,NA,6,0,NA,6,0,NA,6,0,NA,6,0,NA,6,0,NA,6,0,"",6
357,358,2018-12-23,1,51,12,0,NA,NA,6,0,NA,6,0,NA,6,0,NA,6,0,NA,6,0,NA,6,0,NA,6,0,"",6
358,359,2018-12-24,2,51,12,0,NA,NA,6,0,NA,6,0,NA,6,0,NA,6,0,NA,6,0,NA,6,0,NA,6,0,"",6
359,360,2018-12-25,3,51,12,0,NA,NA,6,0,NA,6,0,NA,6,0,NA,6,0,NA,6,0,NA,6,0,NA,6,0,"",6
360,361,2018-12-26,4,51,12,0,NA,NA,6,0,NA,6,0,NA,6,0,NA,6,0,NA,6,0,NA,6,0,NA,6,0,"",6
361,362,2018-12-27,5,51,12,0,NA,NA,6,0,NA,6,0,NA,6,0,NA,6,0,NA,6,0,NA,6,0,NA,6,0,"",6
362,363,2018-12-28,6,51,12,0,NA,NA,6,0,NA,6,0,NA,6,0,NA,6,0,NA,6,0,NA,6,0,NA,6,0,"",6
363,364,2018-12-29,7,51,12,0,NA,NA,6,0,NA,6,0,NA,6,0,NA,6,0,NA,6,0,NA,6,0,NA,6,0,"",6
364,365,2018-12-30,1,52,12,0,NA,NA,6,0,NA,6,0,NA,6,0,NA,6,0,NA,6,0,NA,6,0,NA,6,0,"",6
365,366,2018-12-31,2,52,12,0,NA,NA,6,0,NA,6,0,NA,6,0,NA,6,0,NA,6,0,NA,6,0,NA,6,0,"",6
